	num	seqnames	strand	start	altchr	altstrand	altpos	tumreads	normreads	class	span	site1	site2	fusion	quality	score	BPresult	BPsomaticratio	T_lenhomology	T_lenforeign	approxflag	dranger	case_id	if_match	tumor	normal
0	1	6	-	14273787	17	-	17011959	29	0	inter_chr		IGR: 156Kb before CD83(+)	Intron of MPRIP(+): 18Kb before exon 4	-	1.0	29.0	1		0	0	0	called	dbd5b0de-94c9-45dd-afb3-6820a7ecaca2	0.0	70835707-2b01-4434-88b9-57b2c434b88e	9956c905-329c-4a82-b20c-210106732dcc
1	4	6	+	12217404	6	-	13614581	25	0	long_range	1397172.0	IGR: 52Kb after HIVEP1(+)	3'-UTR of SIRT5(+): 2Kb after coding stop	-	0.9901087	24.75272	1		4	0	0	called	dbd5b0de-94c9-45dd-afb3-6820a7ecaca2	1.0	70835707-2b01-4434-88b9-57b2c434b88e	9956c905-329c-4a82-b20c-210106732dcc
2	8	17	+	76380041	17	-	76403931	23	0	deletion	23902.0	Intron of PGS1(+): 5Kb after exon 1	Intron of PGS1(+): 4Kb after exon 7	Deletion of 6 exons: out of frame	0.9922684000000002	22.82217	1		0	0	0	called	dbd5b0de-94c9-45dd-afb3-6820a7ecaca2	1.0	70835707-2b01-4434-88b9-57b2c434b88e	9956c905-329c-4a82-b20c-210106732dcc
3	5	6	-	16736294	6	-	31194981	25	0	long_range	14458687.0	5'-UTR of ATXN1(-): 408Kb before coding start	IGR: 29Kb before HCG27(+)	-	0.8858679	22.1467	1		1	0	0	called	dbd5b0de-94c9-45dd-afb3-6820a7ecaca2	1.0	70835707-2b01-4434-88b9-57b2c434b88e	9956c905-329c-4a82-b20c-210106732dcc
4	9	16	+	82552629	20	-	56745486	22	0	inter_chr		IGR: 108Kb before CDH13(+)	IGR: 20Kb before C20orf85(+)	-	1.0	22.0	1		2	0	0	called	dbd5b0de-94c9-45dd-afb3-6820a7ecaca2	1.0	70835707-2b01-4434-88b9-57b2c434b88e	9956c905-329c-4a82-b20c-210106732dcc
5	6	20	-	50210207	20	-	61891497	25	0	long_range	11681286.0	IGR: 3Kb before ATP9A(-)	5'-UTR of FLJ16779(+): 1Kb before coding start	-	0.8774629	21.93657	1		0	0	0	called	dbd5b0de-94c9-45dd-afb3-6820a7ecaca2	1.0	70835707-2b01-4434-88b9-57b2c434b88e	9956c905-329c-4a82-b20c-210106732dcc
6	12	17	+	16995233	17	-	76380081	21	0	long_range	59384843.0	Intron of MPRIP(+): 14Kb after exon 3	Intron of PGS1(+): 5Kb after exon 1	Protein fusion: out of frame (MPRIP-PGS1)	0.6569696999999999	13.79636	1		0	0	0	called	dbd5b0de-94c9-45dd-afb3-6820a7ecaca2	1.0	70835707-2b01-4434-88b9-57b2c434b88e	9956c905-329c-4a82-b20c-210106732dcc
7	14	16	+	33627483	20	-	50290700	18	0	inter_chr		IGR: 338Kb before MIR1826(+)	Exon 11 of ATP9A(-)	-	0.7295338	13.13161	1		1	0	0	called	dbd5b0de-94c9-45dd-afb3-6820a7ecaca2	1.0	70835707-2b01-4434-88b9-57b2c434b88e	9956c905-329c-4a82-b20c-210106732dcc
8	20	6	+	48839593	6	+	49124942	12	0	inversion	285349.0	IGR: 558Kb before MUT(-)	IGR: 273Kb before MUT(-)	-	0.9846154	11.815380000000001	1		0	2	0	called	dbd5b0de-94c9-45dd-afb3-6820a7ecaca2	1.0	70835707-2b01-4434-88b9-57b2c434b88e	9956c905-329c-4a82-b20c-210106732dcc
